{
  "version": 1,
  "author": "Grupo de trabalho FIAP",
  "editor": "wokwi",
  "parts": [
    {
      "type": "board-esp32-devkit-c-v4",
      "id": "esp",
      "top": 0,
      "left": 0
    },
    {
      "type": "wokwi-dht22",
      "id": "dht1",
      "top": -90.2,
      "left": 250
    },
    {
      "type": "wokwi-mpu6050",
      "id": "mpu1",
      "top": 40,
      "left": 250
    }
  ],
  "connections": [
    [ "esp:TX", "$serialMonitor:RX", "", [] ],
    [ "esp:RX", "$serialMonitor:TX", "", [] ],
    [ "dht1:VCC", "esp:3V3", "red", [] ],
    [ "dht1:GND", "esp:GND.1", "black", [] ],
    [ "dht1:SDA", "esp:15", "green", [] ],
    [ "mpu1:VCC", "esp:3V3", "red", [] ],
    [ "mpu1:GND", "esp:GND.1", "black", [] ],
    [ "mpu1:SCL", "esp:22", "purple", [] ],
    [ "mpu1:SDA", "esp:21", "orange", [] ]
  ]
}